,precision,recall,f1-score,support
Computational Social Science and Social Media,0.6071428571428571,0.6071428571428571,0.6071428571428571,28.0
Dialogue and Interactive Systems,0.7894736842105263,0.7758620689655172,0.7826086956521741,58.0
Discourse and Pragmatics,0.4,0.18181818181818182,0.25000000000000006,11.0
Ethics and NLP,0.0,0.0,0.0,0.0
Generation,0.5681818181818182,0.5952380952380952,0.5813953488372093,42.0
Information Extraction,0.6,0.3333333333333333,0.42857142857142855,54.0
Information Retrieval and Text Mining,0.1935483870967742,0.2727272727272727,0.22641509433962262,22.0
Interpretability and Analysis of Models for NLP,0.38461538461538464,0.09615384615384616,0.15384615384615385,52.0
"Language Grounding to Vision, Robotics and Beyond",1.0,0.1724137931034483,0.29411764705882354,29.0
"Linguistic Theories, Cognitive Modeling and Psycholinguistics",0.5,0.4444444444444444,0.47058823529411764,9.0
Machine Learning for NLP,0.20851063829787234,0.7,0.32131147540983607,70.0
Machine Translation and Multilinguality,0.7108433734939759,0.855072463768116,0.7763157894736842,69.0
NLP Applications,0.3333333333333333,0.0967741935483871,0.15000000000000002,62.0
"Phonology, Morphology and Word Segmentation",0.42857142857142855,0.25,0.3157894736842105,12.0
Question Answering,0.5434782608695652,0.625,0.5813953488372093,40.0
Resources and Evaluation,0.0,0.0,0.0,0.0
Semantics: Lexical Semantics,1.0,0.0625,0.11764705882352941,16.0
"Semantics: Sentence-level Semantics, Textual Inference and Other areas",0.32142857142857145,0.16666666666666666,0.21951219512195122,54.0
"Sentiment Analysis, Stylistic Analysis, and Argument Mining",0.45,0.32142857142857145,0.375,28.0
Speech and Multimodality,0.3333333333333333,0.4444444444444444,0.380952380952381,9.0
Summarization,0.9032258064516129,0.9032258064516129,0.9032258064516129,31.0
"Syntax: Tagging, Chunking and Parsing",0.5,0.11764705882352941,0.19047619047619047,17.0
accuracy,0.45161290322580644,0.45161290322580644,0.45161290322580644,0.45161290322580644
macro avg,0.4898039489557751,0.36463150445719655,0.3693777809078632,713.0
weighted avg,0.5299591993230863,0.45161290322580644,0.43443781575620033,713.0
